73.32357,1919.79433,77.68440779,1.99922819,419.9972975,43029.86009,-2152.727967,-16.21332634,-198.0528061,0.597686428
73.33591146,1925.715253,77.80512582,1.998562765,419.7337217,43016.93045,-2250.520395,-16.20049153,-196.408433,0.598197555
73.27246873,1947.826632,75.91293413,1.999869487,389.9204488,43295.42882,-2267.184073,-15.6000106,-192.9537527,0.599922338
73.31248797,1919.772808,77.96886671,1.978764974,419.9405495,43071.34842,-2085.704934,-16.21281244,-198.3403047,0.599659719
73.31145952,1949.603476,77.3932652,1.919204394,419.9508017,43428.64223,-2126.601003,-15.30074923,-194.4849784,0.296761848
73.26842164,1949.642299,77.58630974,1.99980918,419.8935024,43457.33428,-2192.936324,-15.90100087,-195.0397676,0.297260579
73.27392153,1941.654936,65.9421121,1.979153528,389.9861109,43112.42726,-2279.593171,-15.30781214,-192.834834,0.891482139
73.30667525,1888.256099,77.78195243,1.999640201,473.5597138,42522.50986,-2111.440129,-16.80279531,-201.3839113,1.077302289
73.29218446,1889.962417,65.88837491,1.949916687,449.9902697,42417.2593,-2219.074314,-15.60096088,-198.5655623,0.599780759
73.75219621,1913.095657,59.99121174,1.949569556,419.9957136,42715.8891,-2286.053977,-15.10853826,-195.0037105,0.799992953
73.7607328,1966.528676,59.46553912,1.988502366,419.3833469,43935.79937,-2009.685454,-15.92569991,-196.915998,0.290669643
73.31599618,1919.932103,77.91639829,1.889594887,419.9679446,42885.6662,-2166.788294,-15.30113677,-195.9127781,0.599837706
73.61616943,1914.610347,59.96380612,1.889973342,419.9980797,42856.7172,-2118.207842,-15.01105557,-196.6760392,0.870665629
73.27181735,1954.64721,65.80310345,1.949820422,419.7630842,43365.03734,-2307.344532,-15.30397709,-192.755748,0.299678093
73.28475053,1985.093907,71.42765948,1.917696571,389.9062484,43973.13616,-2009.455695,-15.01631881,-192.000547,0.29141153
73.31004477,1886.628257,77.17190059,1.949924859,449.9771254,42486.01645,-2102.495739,-16.22208185,-201.0048213,0.879180549
73.62322501,1919.811674,59.90374814,1.961080246,419.9929454,43051.67486,-2038.757567,-15.39214535,-198.5153865,0.599795067
73.27723607,1978.639112,65.32261394,1.999612941,389.9959396,43700.79126,-2259.396742,-15.01606925,-190.3372449,0.29960996
73.31601199,1892.481359,77.04806061,1.829950307,449.9498176,42423.82286,-2100.644182,-15.05203747,-198.0118371,0.599835639
73.29123793,1943.713209,77.03524634,1.949083801,389.9994912,43344.05063,-2101.200506,-15.62742102,-195.0041299,1.197083505
73.31351486,1902.128527,71.69542343,1.999959946,448.5895313,42855.85501,-2021.191205,-16.80180481,-202.1886473,0.599791952
73.48379081,1919.040213,59.99683682,1.998843663,419.9857652,43051.74652,-2038.273856,-16.20118021,-199.2670398,0.898159573
73.28722343,1912.708044,71.8407696,1.889747442,419.9995593,42643.90034,-2264.581771,-15.01401473,-195.0000409,0.843116823
73.28408688,1894.660521,65.52780147,1.94941624,449.9842364,42585.63157,-2111.85717,-15.90358831,-200.2781619,0.599965436
73.77361961,1945.583823,59.95960163,1.997194724,389.9484679,43564.01404,-2001.891847,-15.68541749,-195.9800591,1.475086059
73.28646839,1933.813039,76.98842796,1.996285114,419.7458103,43357.5985,-2006.085209,-16.80693457,-199.6500732,0.59854164
73.2905138,1919.75765,65.8727536,1.998261041,419.9973759,43065.49934,-2029.910904,-16.50757264,-199.681909,0.719250715
73.33083787,1916.375008,65.25361596,1.919727938,419.9999697,42900.0555,-2049.492864,-15.60312784,-198.0034824,0.764770706
73.3165055,1926.494723,65.64370206,1.949601795,449.9452019,43156.00533,-2055.87535,-15.93008216,-198.8419766,0.299883164
73.29923579,1915.619338,74.77471221,1.859980824,419.9914743,42949.54929,-2005.520052,-15.30756754,-198.073884,0.86247175
73.28150525,1961.900967,65.22652537,1.94884,419.6722988,43759.38577,-2019.853901,-15.91826178,-196.5307716,0.298943903
73.31448374,1889.800722,71.97404327,1.979911814,449.9542934,42610.63838,-2051.885912,-16.22409926,-201.4109366,0.59867501
73.34702793,1951.293612,77.89767459,1.999712885,389.8028565,43490.98281,-2101.900459,-16.2056608,-195.3005859,0.899660839
73.28216573,1956.407332,65.40010403,1.979767353,419.8163358,43581.18092,-2108.337169,-15.90350115,-195.8056439,0.299186405
73.30143097,1924.149193,64.85681207,1.999615897,449.8419437,43113.47918,-2100.106152,-16.20029338,-199.0543782,0.299465743
73.30581905,1884.819798,79.89847891,1.829752794,449.9950491,42343.84823,-2016.269602,-15.30260888,-199.1784758,0.857726988
73.62060428,1918.433041,59.95556084,1.934992659,419.9643093,42891.58452,-2145.028816,-14.82792357,-196.1507509,0.598626928
73.27765655,1951.238023,76.7590524,1.949913519,419.8559881,43217.85334,-2409.932163,-15.31133947,-191.4616513,0.29944223
73.30280988,1919.469651,65.87499671,1.919967071,449.9635483,42930.11149,-2145.895947,-15.30143088,-197.0792204,0.299382577
73.64950046,1922.321897,59.9923857,1.888942601,419.997269,42951.60115,-2116.802663,-14.80874781,-195.7831289,0.599862774
73.2849297,1949.825392,65.32549498,1.999979084,389.9124525,43252.43808,-2301.878546,-15.31155626,-192.1961809,0.599941188
73.31851838,1956.720368,69.228807,1.857973349,419.8727394,43632.02729,-2004.050738,-15.01796572,-195.2179937,0.296761237
73.31458857,1923.076166,65.65775885,1.829481393,419.918904,43025.82944,-2009.680573,-14.70299821,-196.4885619,0.59924823
73.69041749,1919.124292,59.99242225,1.889360415,449.9806372,42918.73072,-2109.030006,-14.74276322,-196.7304009,0.299906558
73.27498849,1943.162287,64.75946582,1.948886182,389.9990854,43284.79379,-2038.211635,-15.31373888,-195.0401409,0.875651952
73.31282821,1927.189722,76.16723154,1.947151338,449.39208,43201.0878,-2037.454533,-16.2034526,-199.1842339,0.293926723
73.34088582,1971.218749,77.98216197,1.99948269,389.1348887,43903.19612,-2008.941108,-16.27826756,-195.0665718,0.598019226
73.30010931,1949.831184,69.95596457,1.888548496,419.990882,43476.4193,-2012.423987,-15.00080392,-195.3126796,0.29962673
73.26956442,1979.202605,77.9982366,1.998566304,389.7522048,43745.46909,-2253.011485,-15.31368685,-190.5338429,0.299524691
73.26939847,1949.989077,65.65770893,1.949299163,419.9999016,43179.94687,-2401.974926,-15.00114597,-191.2295445,0.299833298
73.30821711,1926.044853,71.7496202,1.829946586,449.3155759,43053.31054,-2028.858518,-15.00798277,-197.0100885,0.299678125
73.82046459,1942.209953,59.904063,1.995247273,389.9956592,43375.40487,-2070.478907,-15.30270192,-195.168781,0.874848208
73.32303318,1924.914309,65.91879088,1.918268601,449.9353213,43084.621,-2040.83265,-15.60274417,-198.2568435,0.298811784
73.30477275,1919.39651,63.4646161,1.888196715,449.9682084,42968.44501,-2024.08874,-15.04953554,-198.0175477,0.29982573
73.31790437,1889.898754,77.73582981,1.999575712,449.993066,42438.02309,-2256.667618,-16.20059367,-198.8575213,0.599155793
73.29799051,1914.941991,71.97154511,1.919205567,419.8318163,42821.43443,-2132.963713,-15.6029591,-196.6801351,0.87851241
73.26751538,1949.928869,77.99532115,1.997697175,419.709793,43223.15567,-2451.351595,-15.60420276,-191.520981,0.299458015
73.27547357,1983.029937,65.1493245,1.979940546,414.5440541,43616.49941,-2550.328533,-15.10979449,-187.49312,0.246161858
73.28382112,1918.217365,65.98865042,1.979786499,449.9890984,42654.18403,-2499.287386,-15.30521612,-193.5050145,0.299216701
73.29959511,1885.577145,79.74731228,1.859961007,449.9963177,42418.30195,-2041.122846,-15.60024372,-200.0203808,0.872543607
73.29376715,1922.463929,65.97784684,1.889907149,419.8822081,42845.51853,-2250.1733,-14.90148379,-195.052847,0.599900951
73.34520985,1889.508062,65.80679962,1.889740864,452.8255769,42524.00115,-2011.480125,-15.60082131,-201.0954253,0.764873731
73.30431404,1916.434886,71.83395052,1.947913166,419.9987196,42898.46638,-2102.222224,-15.90471286,-198.0012895,0.729280989
73.60143823,1921.596883,59.89517719,1.886307462,419.9632793,43057.29172,-2004.621182,-15.01819053,-198.0912326,0.599054888
73.61334435,1922.993916,59.7556535,1.889285499,449.8035508,43091.56419,-2024.509339,-15.00780186,-198.1494937,0.296746676
73.64902723,1914.582463,59.97693565,1.97906524,419.9963107,42770.81276,-2274.671602,-15.35457943,-195.7286736,0.860288215
73.70071212,1920.533808,59.99980542,1.94947053,419.6722411,42887.38268,-2267.223744,-15.06867738,-195.181055,0.599552326
73.30498653,1921.521002,70.12054114,1.88979168,419.8698551,42969.98165,-2105.411231,-15.3023352,-196.9494117,0.599961833
73.29634905,1892.482532,65.97390716,1.919416829,449.9173982,42518.70803,-2116.315699,-15.60364355,-199.6844755,0.599962154
73.26231142,1942.971993,77.58031534,1.977960151,389.9395918,43153.8924,-2293.636894,-15.6024003,-192.8755552,0.898321755
73.32675538,1927.150026,71.79840808,1.979232283,449.9448987,43148.9018,-2107.414481,-16.20709943,-198.5075652,0.29994732
73.2964249,1892.621989,64.74416068,1.829791405,449.9975127,42416.87138,-2101.635743,-14.80652598,-198.1865338,0.59985222
73.28384692,1917.708309,65.15378565,1.99976527,449.9903686,42586.12893,-2556.551065,-15.30130844,-192.5588295,0.299722349
73.29295571,1919.635643,65.92808708,1.979835865,419.9821585,42859.30537,-2302.67235,-15.60682686,-195.4488817,0.599415337
73.31048194,1887.683986,65.45389024,1.948597636,449.9632156,42490.55914,-2102.024708,-15.90257426,-201.0023835,0.805023217
73.31318593,1889.986342,71.06266433,1.82906353,449.9139872,42446.67255,-2045.166671,-15.00458265,-198.9983149,0.599730317
73.28873801,1925.579389,77.95911636,1.998308559,449.1287583,43021.12928,-2260.247036,-16.20070912,-196.8083487,0.288751444
73.41356377,1886.507199,59.82234171,1.919589518,470.7406394,42443.67452,-2109.55668,-15.61410693,-200.2396756,0.858919718
73.27183673,1922.375905,76.65319651,1.999785893,419.9175745,42857.2216,-2411.58777,-15.90315711,-194.4486583,0.598977591
73.64551803,1921.817903,59.90256762,1.858044845,449.8559953,42976.3159,-2068.237375,-14.7032996,-196.9423296,0.299697281
73.29201916,1891.103933,77.84784331,1.85992277,449.9963181,42435.90566,-2126.793425,-15.30106523,-198.8644198,0.599988718
73.75477562,1916.807546,59.98982661,1.978505009,419.9362934,42824.12916,-2262.017455,-15.04718174,-195.4450585,0.598595796
73.77475736,1954.788605,59.74436991,1.994683321,389.8351733,43663.20305,-2020.202026,-15.63041066,-195.989962,0.88783291
73.81242496,1946.626645,59.908318,1.947424996,388.9328712,43445.84722,-2026.899046,-15.14048994,-195.4276768,1.17126621
73.45155306,1889.522972,59.90524801,1.94915325,449.9853215,42580.99575,-2043.738356,-15.60534304,-201.1642312,0.599416825
73.2756911,1893.238584,77.99302782,1.94997391,449.8459951,42487.3858,-2260.220445,-15.90168247,-198.6463734,0.599881068
73.752565,1959.238039,59.77834545,1.972426063,417.8476173,43760.69556,-2042.313123,-15.60050874,-196.5272311,0.297750987
73.27520577,1917.139145,65.60492556,1.999937085,419.9903713,42926.42607,-2145.48644,-16.20278776,-198.2627228,0.880419975
73.32818417,1889.813226,71.84634767,1.948965811,449.9972781,42559.81863,-2056.204174,-15.90783501,-201.0191912,0.599820368
73.28867291,1915.762082,63.12601116,1.857932494,419.8786489,42990.69478,-2001.472779,-15.0244851,-198.0084541,0.800565186
73.30687279,1964.719274,77.66868394,1.978466596,418.6072975,43895.6684,-2015.531261,-16.52409712,-197.3099476,0.297965857
73.33704102,1889.413684,59.93401611,1.999667928,449.9734838,42630.25109,-2010.923319,-16.50108756,-202.6636239,0.833815399
73.31826724,1950.628203,63.42340689,1.859324178,419.909987,43475.90938,-2011.20879,-14.70218395,-195.0560903,0.299981766
73.59877504,1923.037116,59.97817512,1.919898992,449.0347257,43082.34413,-2048.291045,-15.3000405,-198.3888524,0.299877905
73.34795851,1888.510577,59.98377214,1.948052602,449.999985,42529.65712,-2046.786431,-15.90570677,-201.4248089,0.756062854
73.90786854,1952.156177,59.91722287,1.912787886,419.4257719,43495.6101,-2101.681392,-14.75649372,-194.4990928,0.296605673
73.4959687,1939.10501,59.97813178,1.998809616,447.4500087,43401.95523,-2109.110817,-15.98867243,-198.0831976,0.294520959
73.29007291,1946.493173,77.90278867,1.998963561,389.9828249,43380.79299,-2112.185147,-16.20449759,-195.2134154,1.189326581
73.27892291,1953.073643,65.52180983,1.889982189,419.9450042,43298.28235,-2253.80041,-14.78636677,-192.2978287,0.29914963
73.45984989,1886.179168,59.99118639,1.889928459,469.3896759,42381.87897,-2114.29296,-15.31238405,-199.4540556,0.880073722
73.30970533,1919.86872,76.156666,1.886481458,449.9515877,42965.0057,-2102.555508,-15.30942996,-197.2298267,0.299368623
73.61823343,1927.49462,59.85423772,1.919441034,448.6033054,43129.65974,-2102.513471,-15.30010074,-197.4656392,0.299812572
73.63916461,1914.855312,59.95711673,1.857488421,419.995114,42832.50058,-2057.487031,-14.75734459,-196.8450659,0.885263658
73.31362064,1923.540475,65.35930693,1.998609034,419.945167,43082.94895,-2124.312403,-16.20061919,-198.2798283,0.599393029
73.27864003,1960.041882,64.26736777,1.999551788,419.449635,43691.33274,-2103.726726,-16.20390224,-196.3725378,0.29373829
73.26691768,1956.561083,77.57462488,1.999535239,419.7586573,43409.83021,-2402.82778,-15.90665253,-192.6772877,0.296707988
73.34383895,1924.136865,75.14318064,1.85877547,449.6427303,43117.65331,-2009.537269,-15.31094749,-198.1281219,0.296653902
73.32672389,1889.533265,65.63045404,1.859869166,449.9686841,42472.51949,-2016.023013,-15.30297996,-199.7273876,0.868110841
73.49422316,1884.229783,59.9974337,1.919462231,449.9953347,42264.0225,-2269.625346,-15.1601107,-198.0039294,0.732343212
73.29796548,1921.681611,65.77667121,1.919807334,419.9876569,43052.66931,-2010.563892,-15.60087586,-198.4319355,0.599897295
73.31181267,1912.82186,77.63448141,1.829995323,419.9900824,42817.62938,-2033.03595,-15.007358,-196.9275348,0.878462705
73.30722461,1889.599708,79.75842798,1.979204846,449.8772022,42349.61191,-2402.993691,-15.90127969,-196.8409734,0.598854819
73.28235543,1920.914438,71.55271244,1.949725156,449.6875368,42902.47582,-2251.981997,-15.60176676,-196.4538447,0.299453448
73.31653614,1892.001742,65.92712731,1.799996896,449.9944742,42452.34795,-2021.391624,-14.71162752,-198.7202499,0.599888845
73.28341653,1928.607439,75.6731004,1.999675269,449.3254422,43190.69678,-2110.665161,-16.51799009,-198.6466137,0.298189964
73.29399058,1938.634401,79.91091815,1.829932343,419.9018034,43266.03172,-2015.906796,-15.01462553,-195.466309,0.59339527
73.2681541,1941.339755,65.12978895,1.998679726,389.9947743,43062.95248,-2402.159949,-15.31451304,-192.0086001,0.874731188
73.30213484,1919.900806,65.29620641,1.85997927,449.9996637,42809.1904,-2142.110342,-14.70452512,-195.5319993,0.299911674
73.31712419,1924.52932,77.32045412,1.857861593,419.8776559,43085.00214,-2035.024603,-15.31403378,-197.1884597,0.595107631
73.32257015,1889.481683,65.8866256,1.859928726,449.9524271,42393.51011,-2126.788376,-15.00336165,-198.5024723,0.599905132
73.31584849,1891.99807,65.97401358,1.889144732,449.9766087,42460.13812,-2131.384427,-15.30053042,-199.1673001,0.599589233
73.88224005,1951.564821,59.84474766,1.996661065,389.9424849,43548.36632,-2042.811722,-15.26123186,-195.3528157,0.59555034
73.28912023,1919.769553,71.68262186,1.978169824,419.9655357,42999.43925,-2102.171623,-15.90161123,-198.2010153,0.59974681
73.28106029,1888.876242,79.30904639,1.999875716,449.9837585,42590.30074,-2102.903025,-16.80361132,-201.6055217,0.828251034
73.46812925,1886.075596,59.9997266,1.99980168,449.9916387,42366.1023,-2254.401633,-15.90707229,-199.2518772,0.862371305
73.3275891,1889.584999,65.21871159,1.889981544,449.998699,42490.99925,-2058.040427,-15.30630718,-199.988974,0.599976155
73.30376586,1963.861496,77.53844231,1.999966817,419.3625761,43804.17446,-2111.434883,-16.50036836,-196.1604472,0.290801812
73.30294927,1882.88838,65.98870254,1.859008029,473.3772542,41989.77241,-2119.336916,-14.58448316,-194.4120217,1.198617591
73.29536453,1925.257783,71.58375756,1.948893407,449.9728539,43092.73418,-2109.141654,-15.93135803,-198.2785559,0.293227328
73.64542566,1919.286222,59.96443541,1.887711617,419.866783,42936.74102,-2055.471413,-14.75242404,-197.0486764,0.59863364
73.72216882,1918.410625,59.97929216,1.949443231,419.9341864,42852.07162,-2195.91528,-15.01286064,-195.7888176,0.599051818
73.30140114,1891.605788,77.96592241,1.799937829,449.9994853,42464.20887,-2030.001667,-15.00073967,-198.9018464,0.599965536
73.28271204,1917.738662,65.63030905,1.949493856,419.9965104,42943.02949,-2038.423203,-15.90204592,-198.2519101,0.714470452
73.44366161,1885.571148,59.989967,1.859984119,449.9498697,42354.12051,-2103.235027,-15.0001851,-199.2451492,0.807436744
73.27780073,1918.45516,65.66207404,1.919917636,419.9920366,42752.85491,-2274.95016,-15.00299769,-195.0061946,0.599951673
73.27475299,1979.451034,65.83336148,1.997238926,389.6374111,43873.3642,-2154.266196,-15.30122418,-192.1081467,0.299591873
73.28773531,1885.90105,65.89117401,1.919930637,449.9981904,42369.66568,-2144.756208,-15.6002873,-199.3729844,0.873847057
73.27700071,1919.150753,79.69805615,1.998612785,449.8588725,42792.65468,-2413.193122,-15.90213012,-195.0078469,0.299612826
73.28254006,1947.461606,65.36349806,1.9791273,389.9850253,43363.37555,-2025.913134,-15.30131117,-195.0460309,0.599831836
73.26799321,1915.56949,65.26152558,1.999945695,419.9985916,42764.45162,-2295.066594,-15.90084966,-196.1750631,0.881853989
73.46452607,1889.412082,59.96911527,1.91974857,449.8691048,42562.16541,-2029.416101,-15.33256341,-201.0009154,0.599887921
73.29003145,1924.387444,65.92734245,1.979489658,419.9803915,43136.64016,-2045.973503,-16.20121293,-198.8315281,0.59962754
73.27354759,1897.15806,71.99567942,1.99827031,449.8734947,42575.36136,-2261.615799,-16.20107399,-199.0775495,0.596006246
73.28018235,1919.771114,65.85730283,1.999987967,449.9888683,42967.35956,-2157.070709,-15.90006079,-198.1004654,0.299997149
73.3129163,1887.232718,77.3632939,1.918755076,460.3526572,42491.41379,-2100.096671,-15.96375805,-201.0235358,0.848107498
73.73649274,1913.585021,59.99995746,1.998969855,419.9208544,42680.89189,-2408.361005,-15.33292016,-194.3087576,0.87345616
73.61168848,1922.115924,59.96222691,1.878724058,449.6978413,42968.94282,-2107.808807,-14.76626592,-196.659468,0.299086001
73.2884171,1947.441471,71.38050749,1.979751934,419.9655725,43212.03117,-2402.79045,-15.30213127,-192.0338898,0.299842733
73.25957091,1949.702775,65.72191927,1.99888275,419.9533126,43053.80442,-2551.239243,-15.14496427,-189.5150406,0.29960985
73.4553242,1892.96361,59.97251557,1.976688858,449.9995095,42597.44089,-2110.08174,-15.90063775,-201.0381165,0.599965759
73.30528547,1919.385141,65.78240385,1.998104501,419.9247378,43005.35215,-2130.793323,-15.9036844,-198.0137857,0.599557251
73.25641526,1919.679561,65.04303546,1.999965487,419.9593632,42612.29797,-2561.435436,-15.30554949,-192.0333263,0.599950496
73.27092446,1923.197442,65.22015425,1.998814987,419.9953491,42944.79946,-2251.494647,-15.90097569,-196.1044496,0.598873046
73.28310587,1919.897513,65.58986313,1.919886067,419.9703157,42908.71952,-2159.370355,-15.30051083,-196.3823006,0.599873755
73.29112742,1894.129178,77.00756258,1.949927406,449.7907066,42624.34267,-2100.950323,-16.20442783,-200.5816295,0.598286573
73.77582093,1947.142764,59.98581058,1.978974593,389.8064477,43563.53855,-2017.05702,-15.37600875,-195.6241637,1.74787193
73.29418797,1944.141144,71.84303015,1.948201906,389.939704,43363.40228,-2029.280478,-15.60401457,-195.3804968,1.197290843
73.32339678,1889.99873,77.62346323,1.99990522,449.9631144,42599.41936,-2061.663045,-16.50010586,-201.5565961,0.599619921
73.32371516,1889.523804,65.69867678,1.997000613,449.9432967,42596.92088,-2073.202396,-16.20304637,-201.5409631,0.59980049
73.29330542,1923.351822,77.92029312,1.919696116,419.9184065,43089.89803,-2017.839865,-15.90185492,-198.1783271,0.598230696
73.34979689,1952.870874,77.66877462,1.977451783,389.3339935,43563.3405,-2009.003083,-16.20884429,-196.1357305,1.19654754
73.33412439,1886.000846,70.40184353,1.859816412,449.9134946,42538.33783,-2001.579998,-15.33190091,-201.0010991,0.806329956
73.27330933,1919.241436,64.35568949,1.949663856,449.7151692,42654.18659,-2400.141191,-15.02633978,-193.2154044,0.299974389
73.29965037,1887.542195,65.90220926,1.999989192,474.9005328,42518.40758,-2114.100425,-16.50230213,-201.2864055,1.068902774
73.31053848,1921.635139,64.93366222,1.88981814,449.9118364,43052.16949,-2016.750204,-15.30107172,-198.2527842,0.299902426
73.30486825,1945.848597,65.51573032,1.949579263,389.9969374,43338.33296,-2016.024614,-15.02577304,-195.0027038,0.599884785
73.29818148,1928.762783,65.80697383,1.998571187,419.9544787,43253.39328,-2005.674961,-16.52523695,-199.7300955,0.599465239
73.26505646,1882.350436,65.98479296,1.999990955,461.5094274,42029.43673,-2566.019043,-15.60036456,-195.2216792,0.863425536
73.31086389,1898.791136,79.45371331,1.889847934,449.1843711,42723.10179,-2017.043893,-15.90471629,-200.6370453,0.599544449
73.63788905,1921.509521,59.96657744,1.94991041,419.9498488,42991.19934,-2110.492639,-15.30400515,-196.7818685,0.599401109
73.31166115,1979.553533,71.9235888,1.979349612,389.9583855,43878.83274,-2060.816919,-15.30180236,-192.5810431,0.299619479
73.3018771,1922.157477,65.16023677,1.829605184,449.9224069,42893.41134,-2102.133162,-14.70349731,-196.0918712,0.299299912
73.34473601,1895.431429,59.99953178,1.979963077,449.9742079,42665.51469,-2044.370675,-16.20063204,-201.5181527,0.599966621
73.30469483,1888.863499,65.71696231,1.799999406,446.1016548,42430.64424,-2030.8243,-14.74781829,-199.1923975,0.895819023
74.07141838,1956.159046,59.8792277,1.884735749,419.2704656,43644.71821,-2002.141958,-14.716455,-195.0325973,0.297906275
73.28070387,1987.094781,71.84285195,1.997169731,389.7767077,44035.71633,-2125.892558,-15.62833593,-192.2757783,0.297906108
73.32520074,1928.023069,65.42056069,1.859924616,448.5298508,43046.92996,-2105.096667,-15.01315721,-196.3784701,0.296395276
73.32837244,1934.345899,65.12028714,1.999114584,447.9741142,43361.64842,-2047.757786,-16.50082032,-199.5711744,0.289287903
73.32252566,1924.657299,77.76867545,1.997338051,419.8056121,43127.05553,-2103.015147,-16.51958465,-198.4061283,0.599772912
73.30473658,1924.787588,65.76070736,1.97964224,449.6064719,43187.16504,-2028.327961,-16.20130802,-199.5107594,0.299547868
73.29188184,1952.234071,65.11765751,1.979058792,419.8732891,43267.5978,-2400.107584,-15.30004246,-192.035563,0.293154222
73.31037275,1919.920588,71.16225294,1.859846881,449.9557588,42952.40239,-2026.17605,-15.0023881,-197.3919489,0.299159187
73.28338735,1919.816611,65.62840584,1.889961143,449.9963388,42865.58462,-2175.564416,-15.00102004,-196.089928,0.299587192
73.45310105,1887.055412,59.9978021,1.88492959,449.9979512,42486.21106,-2010.28635,-15.38026016,-201.0050664,0.891892977
73.57552313,1889.151396,59.99878,1.979884586,449.9403352,42297.34118,-2417.271584,-15.3399452,-196.3788568,0.599952591
73.43849051,1892.168502,59.99477475,1.887771671,449.9260766,42560.933,-2012.703194,-15.30808169,-200.4958061,0.599464122
73.30636566,1922.760527,71.73552766,1.919455494,419.7047582,43009.7125,-2128.122379,-15.60018814,-197.104116,0.599966695
73.30604006,1886.203521,71.99031892,1.999909008,449.9986046,42352.54549,-2268.637555,-16.20026435,-199.0867919,0.856697939
73.32526899,1919.438331,65.43265566,1.859703846,419.9767583,42867.76663,-2123.318067,-14.83886186,-195.5544364,0.599928971
73.29576267,1918.575288,65.97097536,1.978084956,419.979491,42980.71128,-2063.258086,-16.20029279,-198.4132025,0.741519947
74.09435091,1948.894946,59.78791989,1.979423581,389.4324247,43557.18071,-2025.001343,-15.31205381,-195.4507866,0.849264549
73.4944846,1925.843404,59.90032494,1.971223047,419.9406141,43201.14491,-2042.634841,-15.91929295,-199.0140192,0.593348029
73.31746826,1924.515806,65.4314936,1.889850013,449.8470739,42886.89194,-2257.310884,-15.00362325,-195.1092663,0.299721411
73.40757912,1896.198135,59.99317969,1.999599239,449.5141592,42691.27057,-2104.272299,-16.20208414,-201.1596149,0.596042569
73.29174941,1917.452943,71.91026338,1.978082441,419.9972785,42932.15773,-2120.750776,-16.20101357,-198.0740359,0.811160507
73.3137074,1888.65313,65.9796549,1.979884344,449.9907936,42327.1237,-2316.308065,-15.60119241,-198.00744,0.599934529
73.33268447,1882.33376,63.93238968,1.889655585,463.6272296,41951.89595,-2150.122011,-14.72795574,-193.9488993,0.898722069
73.60805579,1916.655591,59.91169337,1.949241779,419.9963877,42958.96796,-2111.497303,-15.61694372,-198.0004184,0.892491094
73.29334816,1883.643835,77.84483547,1.859465029,449.9775781,42267.70979,-2153.420063,-15.30017245,-198.5235988,0.868019806
73.3365072,1963.45293,69.66425883,1.994706617,419.7339747,43839.93705,-2012.9231,-16.51791134,-197.502298,0.295290702
73.28469928,1887.301828,77.99554805,1.979699245,449.9997878,42491.16125,-2109.767926,-16.50066245,-201.047899,0.89842813
73.29224343,1949.202022,65.31758377,1.949837789,419.9895507,43203.54307,-2338.138608,-15.00588966,-192.0596167,0.29989485
73.31885039,1892.689068,79.99729879,1.979933865,449.9647304,42496.06025,-2252.989097,-16.21037173,-199.0173654,0.59792454
73.31167328,1894.650494,71.97010125,1.949885189,449.8378587,42661.3293,-2021.093174,-16.20076032,-201.3158392,0.599779246
73.32587663,1894.443626,71.82144553,1.919482462,449.981522,42630.06981,-2043.90475,-15.90696104,-201.0746506,0.597917582
73.26440193,1949.794912,70.34389256,1.998298997,419.931234,43110.39812,-2550.476632,-15.31044056,-190.3149516,0.298535748
73.42096281,1887.564494,59.94489625,1.974556216,449.985134,42492.83717,-2108.554613,-15.91678242,-201.0152167,0.765076356
73.48882861,1892.290553,59.99829609,1.979829839,449.987642,42341.20587,-2431.070844,-15.38517034,-196.5181692,0.599603524
73.49088386,1883.79276,59.99784932,1.979691519,449.9923711,42183.74565,-2436.329369,-15.386563,-196.4751273,0.691924811
73.27466223,1889.709136,65.94598368,1.999892418,449.981124,42405.09875,-2302.20238,-15.90084647,-198.2353322,0.599767249
73.46028797,1884.943928,59.96607518,1.999714189,473.8496978,42272.53497,-2431.654167,-15.64620436,-198.0000373,0.849722234
73.30693113,1889.932537,65.80228995,1.829732432,449.9987152,42398.6602,-2055.630891,-14.75333475,-198.5017767,0.599998794
73.45063668,1891.682968,59.99233392,1.853869401,449.955662,42515.38634,-2053.558229,-15.00186935,-199.5260117,0.599185836
73.71950067,1918.316606,59.98204709,1.979444411,449.8747654,42898.89739,-2285.955367,-15.30206822,-195.9078495,0.299437012
73.31341756,1914.741031,64.5760073,1.829996338,419.998925,42794.27968,-2004.109339,-14.7179696,-196.7204094,0.89620011
73.26048641,1914.618603,71.83702274,1.999998968,419.9853905,42538.88633,-2554.139,-15.60207062,-192.8320857,0.832394152
73.29675435,1884.295852,65.781526,1.829999965,449.9979755,42277.52403,-2100.050969,-14.85496161,-198.5415262,0.855647166
73.33888775,1894.286136,59.96141116,1.943849604,449.8891358,42678.05879,-2028.809307,-15.91061286,-201.457385,0.599901481
73.28342904,1941.440547,78.57207927,1.977686906,447.9812563,43429.4048,-2100.88326,-16.50075413,-198.1562169,0.295919637
73.30465398,1959.640542,65.71366647,1.918373805,419.5971325,43689.81487,-2007.466082,-15.62938347,-196.1570302,0.295464636
73.32250204,1882.521804,71.67594528,1.859958469,472.3934163,41988.70592,-2114.387462,-14.75203041,-194.4217854,1.165752205
73.48626909,1884.67048,59.99628046,1.918780212,474.8103289,42287.66265,-2252.153667,-15.31197011,-198.3142223,0.843856037
73.3014783,1922.706013,65.83961454,1.979250143,449.8363558,43021.27217,-2144.593929,-15.90007065,-198.0590153,0.299791889
73.33402229,1916.356804,79.7108665,1.94905975,444.8889951,43097.27395,-2003.539128,-16.50309593,-201.0581578,0.532157738
73.30997005,1919.646867,71.82142102,1.979824439,449.9489437,42982.71463,-2153.183153,-15.90050077,-198.03118,0.298681993
73.31708369,1895.887599,79.8279105,1.858548346,449.2796356,42620.13459,-2021.820461,-15.60781684,-200.1451582,0.59221626
73.27949616,1956.002842,65.42923556,1.94991125,419.9745705,43533.42747,-2106.979832,-15.60061541,-195.1726368,0.298974543
73.29923169,1886.754689,71.93154957,1.919686485,449.9500393,42472.83014,-2036.478548,-15.90139778,-201.0849275,0.808390914
73.28044699,1949.945043,65.70254995,1.859944438,419.8076445,43410.44711,-2103.521157,-14.62720006,-193.9702118,0.29981119
73.60244212,1921.219074,59.90709557,1.978482616,419.9894595,43045.28485,-2103.284911,-15.60055611,-198.0508688,0.599985669
73.2573946,1951.418992,65.94800011,1.999294335,419.7999658,43131.8605,-2555.679707,-15.3068521,-190.1829055,0.299731235
73.49886122,1890.735274,59.99843726,1.948173231,449.9974717,42397.15237,-2271.660397,-15.30070751,-198.005987,0.5995701
73.49094691,1888.782478,59.99822786,1.949874892,449.9756839,42349.74195,-2258.424671,-15.16491583,-198.0181298,0.599987499
73.27651853,1917.710483,65.9243453,1.919743546,449.9895611,42744.03126,-2293.294876,-15.00430891,-195.1028389,0.299874826
73.30347058,1922.191423,71.90369317,1.919966938,449.8873877,43024.83093,-2123.971409,-15.60392414,-197.6251663,0.299706672
73.30935243,1896.819719,65.95512444,1.859988541,448.2636211,42648.92398,-2011.356161,-15.30057591,-199.7421056,0.599570078
73.31428624,1954.772874,65.7361988,1.88989379,419.7703645,43443.94547,-2138.527979,-15.00494735,-193.715265,0.297680027
73.30023086,1958.816737,65.90218473,1.948769211,388.5494756,43602.91679,-2027.470063,-15.30123576,-194.5866139,0.590867547
73.29847255,1889.610721,71.94226524,1.918852786,449.6888975,42477.70518,-2105.763204,-15.60015803,-199.4536259,0.599800802
73.61687168,1919.786438,59.98912936,1.979436773,449.9173191,43066.36972,-2078.746444,-15.60308682,-198.5772726,0.299995105
73.29482732,1886.295328,64.28032949,1.888951897,449.9993667,42456.0582,-2002.417434,-15.46251813,-201.0151973,0.724310009
73.63400823,1922.190588,59.92444241,1.979406977,449.910809,43051.36401,-2113.248573,-15.60074975,-198.1093399,0.299912065
73.64723802,1919.427657,59.99979809,1.888527367,449.766397,42916.71327,-2088.937228,-14.70041777,-196.723445,0.299251807
73.48921324,1892.566944,59.98905099,1.919602831,449.7891662,42419.38611,-2270.601808,-15.13822108,-197.6773387,0.597863533
73.64284812,1922.443286,59.94978801,1.918740924,419.3333702,42956.55474,-2117.073506,-15.02594721,-195.9688541,0.59982618
73.78038236,1919.780156,59.97475701,1.999412976,419.9921713,42851.08042,-2271.505327,-15.30431717,-195.1255135,0.599848659
73.56389768,1891.15821,59.99540706,1.919777603,449.9895733,42402.30548,-2256.594947,-15.09571507,-198.0038747,0.599361171
73.30012066,1959.278174,65.30041996,1.889674252,419.3822296,43710.14671,-2000.941867,-15.31978909,-195.8302388,0.294988901
73.33051293,1889.938148,65.83027116,1.919739559,449.9644317,42583.317,-2019.023569,-15.62049967,-201.0642847,0.598798546
73.28821813,1895.95723,77.39804896,1.979932628,449.6101024,42685.67913,-2102.690911,-16.50132357,-201.2800387,0.599017876
73.28048555,1949.008223,71.58682082,1.99950813,419.872564,43328.415,-2302.210322,-15.61182925,-193.4296437,0.299262517
73.32199902,1923.489601,71.28037698,1.979493084,449.923369,42993.68833,-2250.265351,-15.90177875,-196.8790193,0.299229048
73.28006558,1959.179971,76.36090399,1.949966105,419.4256666,43610.56024,-2141.471166,-15.90188027,-195.2051563,0.298824583
73.64607326,1924.062382,59.94520946,1.972325414,418.897875,42967.32063,-2275.623749,-15.31083984,-195.3830357,0.596907978
73.87093115,1954.587629,59.97819398,1.975597072,417.4503443,43545.75455,-2133.122007,-15.06039478,-194.652603,0.299418306
73.31565026,1916.121531,71.97828243,1.889335586,419.9969839,42964.38971,-2004.994492,-15.60020785,-198.1692445,0.894196308
73.33933878,1888.791657,59.99203768,1.996432625,449.9960207,42548.44823,-2133.24343,-16.22845208,-201.0269356,0.867139674
73.27020377,1949.129929,64.19913279,1.949820702,389.9945608,43321.33222,-2108.823327,-15.06495919,-193.4888892,0.599505604
73.29715872,1881.768386,77.92340198,1.889663193,466.1055535,41950.56466,-2209.53022,-15.02550348,-193.9417492,1.196920138
73.28286519,1887.598,71.86053606,1.999767877,449.9549046,42501.44868,-2121.411033,-16.50162721,-201.1898002,0.744533891
73.32874204,1889.777843,71.54798585,1.999210993,449.9717456,42542.58061,-2115.817683,-16.20101071,-201.0346885,0.599985675
73.28412902,1894.521999,65.94392419,1.979691349,449.7642608,42631.88237,-2106.495369,-16.20023978,-201.1092879,0.599975083
73.48666437,1889.900893,59.99165818,1.918204381,449.9567669,42500.52177,-2134.073522,-15.30328361,-199.5139228,0.599638551
73.29792885,1944.132282,65.65217408,1.97962671,389.979894,43327.58484,-2107.513977,-15.61104487,-195.0157093,0.847485848
73.2820591,1916.571815,65.67877966,1.970702108,419.9999396,42889.57267,-2112.505614,-15.90023047,-198.0001742,0.832816626
73.32189867,1884.602912,64.79840414,1.979860963,465.0630416,42237.94394,-2423.466156,-15.60323485,-198.0005003,0.787626346
73.28810797,1949.626793,74.73837895,1.918059565,419.9817726,43465.98294,-2065.84866,-15.30074259,-195.1325013,0.299677497
73.31012981,1963.994804,65.6095852,1.999397853,419.5487778,43513.55095,-2402.241989,-15.60728469,-191.6781902,0.29496616
73.30448292,1889.039306,77.87363351,1.799994558,445.5038024,42435.1836,-2032.468852,-15.00297881,-198.7938914,0.896459539
73.31421098,1892.771881,65.99034207,1.829812993,449.9533146,42504.11117,-2024.875483,-15.00097436,-199.3978302,0.599869731
73.73892884,1918.825533,59.99302522,1.919006559,419.9039828,42886.70783,-2150.282442,-14.81212496,-195.8348315,0.599962666
73.27048618,1949.5648,65.9901568,1.979847334,389.9538598,43320.55477,-2137.309588,-15.3001945,-193.615327,0.599999482
73.28787324,1945.421996,77.56426002,1.998858207,389.8047758,43293.74954,-2259.5267,-15.90286038,-193.7265397,0.894414832
73.9216145,1944.64268,59.97552102,1.975255405,389.9108683,43417.95825,-2028.850715,-15.30249261,-195.4743225,1.166635185
73.30738525,1923.741933,65.99053776,1.799726371,449.9967908,42883.62206,-2000.354697,-14.41487492,-195.4590042,0.299898018
73.34014962,1923.613155,62.4201641,1.858954681,448.9685406,43071.41089,-2004.87004,-15.05553468,-198.0274722,0.299884576
73.49668162,1884.295021,59.99627109,1.948384747,449.9996514,42255.20403,-2294.079997,-15.31988076,-198.000052,0.886770618
73.27667033,1897.662618,65.69225814,1.979814242,447.3723067,42551.83006,-2253.001736,-15.90840563,-198.8122158,0.599683282
73.30123428,1963.434949,76.48448006,1.889306491,419.3479663,43767.81701,-2007.738217,-15.6212816,-195.5056675,0.287305751
73.30575124,1889.833408,79.69772081,1.859526847,449.9839432,42401.10827,-2123.883792,-15.30407493,-198.4841005,0.599588288
73.30652556,1943.48363,65.8989795,1.996387017,389.9671524,43244.11928,-2258.214037,-15.61766023,-193.7988832,0.88361705
73.32011204,1969.866129,77.01301439,1.949655965,417.9255897,43939.40447,-2013.67153,-16.20816783,-196.1682545,0.299744807
73.33588773,1970.628546,63.81354297,1.998270479,389.2944582,43904.31896,-2014.524814,-15.92448828,-195.5621654,0.558360179
73.29750974,1884.125109,71.9699154,1.829960218,449.9797695,42286.14549,-2102.390223,-15.00001319,-198.6412147,0.755440591
73.28389164,1899.395548,79.92195606,1.977820338,449.9543763,42813.88583,-2010.910705,-16.80312358,-201.8034944,0.599824614
73.27754784,1982.914909,64.67997366,1.91932724,389.9180762,43946.94997,-2011.372549,-14.84617313,-192.1455313,0.296629447
73.64774765,1919.996385,59.94172555,1.945073174,419.9794016,43042.61972,-2058.318124,-15.31041305,-197.6637852,0.598042617
73.32677856,1923.016061,76.86541101,1.947911475,419.9886003,43143.2082,-2003.148396,-16.20443823,-199.0355965,0.599534845
73.34430596,1888.639887,59.98019349,1.978800318,449.9789867,42564.87226,-2047.26863,-16.20824926,-201.7103807,0.744066787
73.3376223,1921.38564,65.88427118,1.886271309,419.9822279,43044.45078,-2026.813831,-15.30090166,-198.0226419,0.599837095
73.34586874,1922.072259,65.6104886,1.979373411,419.9909412,43020.56338,-2119.315998,-15.9019664,-198.0035811,0.599738325
73.30961991,1919.01291,64.15210738,1.917035353,419.8560038,42973.53888,-2009.681409,-15.30096713,-198.0366635,0.599549708
73.3255375,1887.215077,65.73158443,1.859841315,454.1432604,42491.87164,-2009.168874,-15.30534181,-201.0019821,0.809119036
73.30460291,1919.311202,77.96793706,1.919373075,419.9816698,42964.15919,-2120.499858,-15.604947,-196.8770344,0.599286021
73.9204136,1946.397557,59.96909356,1.997140931,389.8664206,43450.52833,-2110.010246,-15.36246488,-194.5458984,1.162765831
73.34428752,1894.753489,79.78206385,1.889533539,447.9823395,42683.11535,-2005.018596,-15.91371758,-201.0937809,0.80369921
73.27137326,1983.824605,65.91228661,1.979593757,389.7074877,43916.09725,-2113.294517,-15.30113198,-192.0285418,0.297678959
73.34047858,1919.049539,77.68797381,1.999059961,419.9590657,43094.19201,-2022.297882,-16.81880521,-199.6520715,0.778571852
73.5132989,1919.888891,59.87736034,1.948991265,419.9874602,43103.39222,-2009.507308,-15.91022181,-199.3116098,0.814577934
73.48208848,1920.604312,59.84869799,1.979981015,419.865911,43137.82173,-2006.539375,-16.20094542,-199.75038,0.869414664
73.32388407,1918.894627,65.91118416,1.919215202,449.9987345,42969.97819,-2070.714221,-15.30180467,-198.0029171,0.29964278
73.31016017,1889.198918,65.47886321,1.97972789,449.992854,42548.76916,-2116.790367,-15.90819418,-201.0161402,0.599835744
73.53887612,1888.21722,59.99682532,1.949842892,449.9901859,42381.63184,-2257.383345,-15.30278266,-198.1119249,0.599739611
73.33663632,1924.033579,77.87745395,1.888888764,419.960303,43107.83978,-2017.906577,-15.61117485,-198.0646449,0.599432788
73.2991922,1949.312877,64.30233503,1.889515547,419.9312235,43274.97382,-2195.388221,-14.70214262,-192.7774779,0.299948861
73.30082945,1882.985539,72.48166606,1.858764205,464.0719859,41996.39331,-2051.059372,-14.74263446,-194.3772399,0.898372473
73.27117935,1884.613834,71.66333393,1.999379801,460.5218403,42240.95891,-2428.902492,-15.90625247,-198.0078519,0.822218627
73.27255841,1919.501254,65.91430692,1.979626685,419.9986912,42662.41475,-2480.700613,-15.30026248,-192.9291634,0.599801027
73.34197506,1888.173355,59.99420922,1.949906207,473.3886676,42511.39434,-2109.139491,-15.91792,-201.2596899,0.787389693
73.28605052,1923.130382,68.44196216,1.996566626,419.853522,42877.68568,-2403.554404,-15.71347398,-195.0075979,0.599213008
73.29157502,1949.900965,65.84020356,1.996886473,419.9287753,43441.68886,-2161.450536,-15.60646566,-195.2100026,0.299295259
73.31716811,1909.21201,77.67158753,1.829768271,449.2424404,42834.46561,-2005.152538,-15.30042463,-199.1296886,0.595711635
73.30520924,1886.524104,63.91217507,1.919980568,459.4037331,42517.25713,-2102.042378,-15.61542105,-201.000451,0.819334089
73.25004453,2003.366182,77.47292565,1.997915619,389.3193752,44242.28574,-2260.129839,-15.60215668,-189.6617699,0.298804215
73.3080535,1938.503589,65.46173534,1.889817588,449.2996012,43258.21053,-2100.358255,-15.31470713,-196.3605171,0.299946826
73.29642843,1919.804409,78.91890461,1.919690168,449.9712708,43000.68086,-2042.053232,-15.60614326,-198.1003219,0.299090554
73.29933376,1982.4295,65.95731255,1.979684665,389.9844997,43780.85524,-2263.071401,-15.08210742,-190.3108446,0.299503594
73.28282815,1979.7023,69.8365446,1.94972648,389.9942344,43857.2951,-2129.899073,-15.02468272,-191.5716201,0.299335556
73.32849133,1986.895807,65.79598717,1.999002269,389.5955488,43897.92493,-2275.313818,-15.32173103,-190.3792999,0.297496009
73.2952223,1949.958819,65.86074039,1.919813899,419.9584154,43344.76425,-2194.309122,-15.00336843,-193.4825709,0.299878108
73.28877066,1919.927916,65.87977291,1.94927563,449.9882905,43008.6913,-2106.017933,-15.60137463,-198.0156393,0.298284402
73.34176525,1954.30248,65.81246473,1.918555954,419.7370218,43492.11805,-2100.497661,-15.30994715,-195.0384247,0.299651388
73.2999689,1953.73242,71.96769445,1.979734838,389.9573574,43493.04152,-2105.345702,-15.60151621,-194.2493999,0.598642258
73.62868476,1923.958672,59.83688301,1.857873763,419.8260276,43044.02901,-2026.241278,-14.78394573,-197.0510214,0.599931614
73.33213414,1928.081752,71.708306,1.85990458,449.3633028,43142.1159,-2010.176007,-15.30253623,-197.5787425,0.296099867
73.27286095,1974.109371,79.7044787,1.999675422,419.9233097,43820.91042,-2252.318331,-16.21584256,-193.3359496,0.287227418
73.31056768,1958.172516,65.43324899,1.979967452,419.9451562,43792.26216,-2009.835288,-16.20463627,-197.6339604,0.292877437
73.32034469,1948.353473,70.70417983,1.949900041,389.7862069,43412.44311,-2021.250194,-15.30161562,-195.0438979,0.599991693
73.30822554,1943.936409,76.93429972,1.977363606,389.5901245,43343.54946,-2119.552378,-15.90266316,-195.1511977,0.871197483
73.55011459,1889.709296,59.68689522,1.997555566,449.9759785,42593.78,-2107.127693,-15.90345663,-201.1775077,0.599894617
73.29443064,1956.511689,71.74046388,1.998896558,419.7617132,43478.84933,-2276.482433,-15.90087729,-194.0469031,0.299865163
73.64109127,1923.911095,59.95770545,1.949017844,449.2802442,42928.76167,-2269.606146,-15.05250107,-195.2846821,0.298251993
73.32415185,1935.013258,71.75994167,1.9186824,449.0328802,43307.27513,-2010.394174,-15.90284465,-198.3831287,0.297592685
73.27529065,1968.900495,65.63136365,1.949579736,389.9457171,43748.68757,-2106.084645,-15.31008696,-193.4266791,0.882790515
73.30277896,1919.982512,70.80513505,1.859993982,419.9819435,42964.37931,-2062.397074,-15.00242485,-196.6469652,0.598520098
73.33405123,1952.882066,64.52251886,1.82976986,419.9949992,43513.25164,-2002.848114,-14.45144352,-194.4691588,0.296260495
73.28628702,1948.667984,63.95791791,1.85847268,419.9040819,43483.25969,-2024.716091,-14.5131928,-195.0076128,0.299749139
73.31554734,1962.416119,79.76462666,1.859957549,418.5617475,43619.12813,-2116.729163,-15.00274988,-192.9881334,0.295833381
73.33772769,1923.441984,70.38783664,1.859398454,419.4514366,42989.99496,-2106.175757,-15.00777983,-196.3547102,0.591503689
73.83150912,1945.855818,59.99654771,1.948588338,389.5279407,43388.72727,-2032.408301,-14.97017581,-194.4640596,0.857089
73.45319469,1894.397086,59.99780314,1.799993485,449.7649062,42534.62401,-2006.444293,-14.62985785,-199.1094327,0.599867098
73.28187685,1960.095627,78.73991028,1.996581509,417.4458099,43318.05492,-2552.052359,-15.60554399,-190.0742255,0.282822812
73.26536267,1944.528433,71.80365474,1.97927195,389.9963248,43455.98708,-2017.070495,-15.9094683,-196.0459397,0.879541707
73.31685213,1965.5757,77.25961297,1.918952014,419.1123042,43808.02603,-2005.054577,-15.90134713,-196.0791173,0.281875997
73.26842223,2000.67881,64.80038625,1.999632363,388.6847562,44327.04636,-2101.645713,-15.6215215,-191.7823171,0.279305404
73.30684395,1954.419636,78.18083567,1.978914659,389.4151678,43646.37406,-2003.35431,-16.22544322,-196.1526156,0.855988425
73.6810182,1919.750457,59.97286,1.946801371,419.8896492,43045.72072,-2046.992023,-15.30155958,-198.200664,0.599894981
73.30141654,1946.127049,78.39172502,1.996401423,389.9901866,43440.39953,-2100.912084,-16.21458056,-195.8273451,0.883430301
73.32872065,1978.212304,77.99032422,1.972045215,389.9725208,43844.68205,-2124.887195,-15.30255178,-192.000588,0.29775782
73.27946316,1979.479609,64.97144649,1.949767158,389.8497632,43850.92265,-2102.548385,-14.89251816,-191.6835412,0.299890624
73.32921215,1889.96188,79.22306114,1.996245669,449.9664918,42601.45177,-2108.757595,-16.50125499,-201.15031,0.599001531
73.33806877,1990.343255,77.84525884,1.977280157,389.4567866,44096.9697,-2114.286376,-15.62039398,-192.1159184,0.29995293
73.59845993,1926.718419,59.97507259,1.999548177,418.832782,43180.19621,-2114.353467,-15.96230279,-198.4678156,0.59936134
73.64525451,1924.707722,59.96971874,1.927869344,417.9781753,42943.21899,-2260.414104,-15.04530316,-195.1335554,0.630136933
73.31751664,1919.882687,65.64847284,1.977881852,449.9970025,43118.79473,-2042.277737,-15.90029229,-199.4106807,0.299388026
73.32026209,1917.257708,77.95635599,1.999498973,419.9992382,42936.66852,-2128.229157,-16.50056669,-198.2666106,0.896662825
73.91935077,1945.01686,59.99321183,1.998607286,389.5500293,43357.87339,-2100.115519,-15.21016599,-194.521145,0.855143879
73.77676126,1951.98931,59.97733735,1.978359122,389.8184601,43570.46851,-2004.138394,-15.31895058,-195.4830078,1.431455649
73.30979807,1924.838747,65.86556087,1.949718644,419.8909946,43105.86632,-2035.830661,-15.90010355,-198.4994856,0.59927976
73.45958645,1892.04874,59.99814014,1.919401179,449.9260195,42614.63505,-2014.501108,-15.61649515,-201.118758,0.599062294
73.29850924,1955.90178,77.23320446,1.949324599,419.9868781,43454.62571,-2251.591245,-15.60052636,-193.4094955,0.299358513
73.2867262,1914.790922,77.73339338,1.998982722,419.9951751,42780.71417,-2289.336468,-16.20732937,-196.2458416,0.768944556
73.30904177,1918.667949,71.73043184,1.94899129,419.9247107,43097.27944,-2007.059754,-16.21415261,-199.4491699,0.861378344
73.29415703,1922.397074,65.94904736,1.999722543,419.9596677,42776.13513,-2439.900759,-15.60034714,-193.6013091,0.598821235
73.49455294,1927.644323,59.97792204,1.997321126,419.9995993,43273.67831,-2013.055216,-16.20191246,-199.1482433,0.596376932
73.33185837,1933.173354,76.94149624,1.996665412,448.6579361,43408.15018,-2005.630208,-16.81413162,-200.2503503,0.293708761
73.33525059,1897.34155,65.92021471,1.889868712,446.4706329,42720.7235,-2003.299951,-15.60484882,-200.5017947,0.670221333
73.35363825,1887.616065,79.84399067,1.889563346,449.9637332,42498.47203,-2018.537905,-15.9007537,-201.0103976,0.892617148
73.26609578,1958.480514,77.81174135,1.979443851,419.8487626,43514.57153,-2264.959142,-15.90336067,-193.405754,0.297275537
73.31389331,1888.016734,71.80366785,1.94967836,449.991458,42521.71838,-2051.79637,-16.20140548,-201.3986135,0.707391751
73.64510309,1915.282896,59.98697852,1.998736507,419.9791735,42841.37391,-2257.865344,-15.60090867,-196.4703194,0.74606292
73.34246609,1930.122567,70.86566881,1.888833118,449.9129961,43209.12167,-2021.122505,-15.6215466,-198.4085346,0.298830899
73.33420928,1895.007353,71.8601145,1.889989834,449.8233619,42687.49927,-2007.884716,-15.64757378,-201.0395517,0.599754047
73.89549902,1945.667997,59.94582292,1.974726537,389.7538827,43353.86218,-2126.103046,-15.02688987,-193.8345826,1.172941588
73.30999208,1954.587574,77.84395213,1.998590918,389.5616869,43760.23752,-2011.311847,-16.5266205,-197.1270622,0.895063912
73.4841942,1917.082273,59.98065153,1.97998541,419.8801851,43025.54588,-2107.451864,-15.90046354,-198.3675901,0.737036544
73.47050521,1889.891009,59.9961618,1.948719527,449.900995,42557.34456,-2125.257748,-15.60673193,-200.0028622,0.59955556
73.26646691,1949.294343,65.26317095,1.997052799,419.874331,43212.56894,-2407.983776,-15.30413981,-192.1733187,0.299954612
73.31081285,1919.240471,71.72311695,1.979437643,419.6652462,43067.92689,-2008.232901,-16.50308728,-199.2069886,0.868239823
73.29517852,1953.270957,65.34559799,1.979849077,419.8817055,43434.79769,-2263.563598,-15.6012876,-193.8763223,0.299945804
73.31850985,1889.935317,77.44975333,1.889582522,449.8595446,42528.32975,-2057.438381,-15.60367994,-199.9249111,0.599772866
73.27276485,1919.916595,77.95120288,1.979335191,419.9950965,42681.86329,-2479.985704,-15.6055118,-193.0733288,0.59999716
73.25446731,1962.499005,64.67043754,1.979761669,412.617211,43239.38359,-2550.21976,-15.10736241,-188.3499438,0.540890132
73.29219939,1945.632755,77.60108021,1.919595923,389.8616307,43394.27334,-2011.423869,-15.3037969,-195.1103853,0.898665724
73.31620547,1943.627437,71.73930693,1.948366097,389.9873418,43406.67692,-2102.596653,-15.37670654,-195.0022653,1.162667145
73.29523362,1949.28358,64.79942165,1.999696997,389.9905471,43482.43428,-2100.465248,-15.61930352,-195.1715872,0.599071687
73.25679192,1953.526159,71.75853881,1.99997347,419.35313,43339.0534,-2400.85497,-15.60145352,-192.2993988,0.297601676
73.30857641,1948.879821,70.0497964,1.918114702,389.8841451,43415.92116,-2002.892864,-15.04988797,-194.6952772,0.599253221
73.61956452,1919.537468,59.95742742,1.977104692,419.6778404,42984.13358,-2147.818458,-15.30331285,-196.8561572,0.599116459
73.3390124,1949.778159,64.74546276,1.978718699,389.7949874,43462.31728,-2006.572764,-15.90965643,-195.736971,1.14553553
73.30303621,1897.913222,59.95852783,1.997420889,449.8678793,42756.68702,-2023.094709,-16.50132314,-201.9404064,0.599959194
73.79930364,1947.872037,59.93502389,1.947924831,389.8724199,43576.90123,-2012.302013,-15.1025735,-195.4485895,1.735394622
73.30814098,1947.403799,71.81484553,1.919845014,389.9052437,43408.00296,-2018.447673,-15.30864224,-195.0366287,1.196450369
73.30547846,1935.435893,79.62729454,1.82984803,445.4679705,43111.09783,-2107.95972,-15.02176148,-195.0054304,0.298597675
73.28598962,1975.740365,79.63924153,1.998985167,389.0868197,43965.89257,-2101.282365,-16.22127568,-194.3031123,0.523636129
73.52825835,1896.464691,59.93502858,1.889578547,449.2412261,42720.16429,-2017.138122,-15.4080053,-201.0139851,0.599989678
73.29035091,1949.950645,77.50370461,1.948947789,419.9669496,43469.593,-2127.780746,-15.6086369,-195.0597182,0.299318717
73.29731015,1949.825011,65.77445573,1.949678658,419.9099396,43450.8604,-2116.852315,-15.30379522,-195.017708,0.299765564
73.46269822,1889.905117,59.98979568,1.979251178,449.9867541,42599.00211,-2112.820098,-15.90015141,-200.5404298,0.599722086
73.28169801,1949.483904,77.45010275,1.99758719,389.9576612,43479.6059,-2042.66527,-15.90535921,-195.4640164,0.598846735
73.80958277,1949.549271,59.99430372,1.995782494,389.8948246,43553.69665,-2026.382378,-15.60236296,-195.7177888,1.016900831
73.27668503,1960.165237,75.22141494,1.978029504,419.944785,43463.51435,-2400.538136,-15.62194949,-192.0369629,0.298077607
73.33582381,1937.167879,71.24040239,1.978678847,416.9268499,43438.107,-2005.536897,-16.51068598,-199.4197767,0.59349626
73.27721657,1942.913687,77.47573353,1.949993035,389.9389125,43290.59467,-2026.92073,-15.60281058,-195.0023726,0.881444977
73.3042824,1919.523054,76.79294455,1.918978518,449.9591055,43009.35246,-2098.02971,-15.60081239,-197.8139204,0.298949835
73.28385551,1982.278344,65.92859182,1.949748169,389.745663,43844.26064,-2112.840537,-15.00591274,-191.3699842,0.299988183
73.33248967,2006.309034,71.21866475,1.99958174,389.0878994,44475.86789,-2038.355881,-15.90013114,-192.54101,0.294401858
73.33828738,1919.928392,77.49058738,1.944652436,419.9261515,43032.98794,-2058.639483,-15.90636921,-198.1228755,0.599478497
73.28614034,1919.916476,65.36978932,1.949694585,419.9957739,43016.79147,-2102.41419,-15.60007946,-198.0366199,0.599897358
73.32917924,1885.045289,77.95297292,1.889891673,449.9984285,42335.5023,-2136.618126,-15.60203355,-198.9670588,0.796545134
73.69887535,1919.902338,59.95179807,1.979980203,419.8467772,43117.30033,-2045.516546,-15.60408365,-198.4873436,0.599703909
73.70215814,1919.593938,59.87766019,1.995329667,419.9995581,43041.55493,-2113.325469,-15.6035968,-198.0928118,0.598802424
73.32706579,1891.542273,77.73827845,1.889814583,449.8612258,42509.84486,-2103.066224,-15.6121062,-199.2567869,0.599191211
73.26161229,1979.672125,71.98694879,1.979229975,389.8157714,43802.49059,-2255.049321,-15.19425322,-190.6999395,0.298855155
73.3163258,1889.85159,71.93760021,1.949968938,449.9167689,42553.90489,-2110.20582,-15.90080932,-200.3374248,0.59955888
73.30159731,1984.901864,65.90499607,1.979830106,388.628222,44108.14246,-2007.272446,-15.60697145,-193.9435322,0.299464963
73.27438285,1945.65085,65.71976815,1.949754646,389.9728894,43230.28801,-2121.936183,-15.30326286,-193.2889637,1.190755002
73.31159998,1977.409803,65.87520843,1.97959828,389.898455,43806.07005,-2103.563012,-15.00695582,-192.0406565,0.299572622
73.3184681,1925.657501,71.33612106,1.949936974,419.4924103,43106.60175,-2108.369158,-15.90034254,-198.0000229,0.597313526
73.29388307,1889.953048,71.89690668,1.999225526,449.513156,42749.16335,-2005.019142,-16.80141874,-202.8444958,0.744540507
73.27599551,1946.582776,79.43812313,1.949626806,389.4236562,43496.8765,-2001.633879,-15.9039751,-195.5825257,1.492677478
73.46657877,1917.795566,59.98002953,1.913442091,419.9233965,42990.42405,-2035.68737,-15.49841662,-198.3687575,0.693948897
73.49923347,1890.488529,59.99662442,1.859732519,449.6956735,42440.40482,-2103.998586,-14.81415072,-198.6037335,0.599940254
73.60294921,1923.651861,59.99839329,1.918833656,419.9777069,43102.27744,-2045.202055,-15.30542874,-198.1108079,0.599545145
73.49487519,1923.200644,59.99037354,1.949998436,419.9837632,43107.19943,-2064.367455,-15.60576413,-198.3750754,0.599940803
73.31948982,1952.008084,79.79568134,1.919387084,389.9621252,43441.23602,-2036.931422,-15.34733296,-193.9718229,0.59951854
73.92323805,1958.976129,59.88401271,1.948472134,419.9578328,43735.43564,-2043.332038,-15.32847991,-195.9351597,0.283871046
73.29239682,1885.780065,77.86639739,1.919907871,449.9560402,42390.99841,-2113.117772,-15.90316655,-199.7839914,0.821180046
73.32360851,1882.90679,64.0598897,1.859677683,462.7753335,41996.42471,-2075.550832,-14.60893742,-194.5064677,0.897659246
73.29057204,1919.772847,70.9634882,1.99774911,449.9802269,43115.05811,-2053.807793,-16.20362081,-199.7244061,0.299623267
73.32018167,1957.691461,71.36426265,1.999664135,389.6479443,43469.04475,-2255.060566,-15.6019068,-193.0574288,0.599783008
73.2723894,1947.702058,65.21689655,1.978845729,419.9274481,43261.43525,-2400.145142,-15.13116391,-192.0249565,0.299737339
73.31767938,1958.126394,77.36718184,1.979212476,419.3028772,43652.65951,-2100.968966,-16.20371069,-196.0531658,0.299881286
73.27233393,1949.817104,70.83754039,1.887632304,419.9874635,43436.52555,-2102.120925,-15.0025999,-194.5641961,0.299488832
73.32036031,1956.445671,77.43425046,1.949406934,389.7569573,43665.33572,-2035.675518,-15.62279949,-195.1513957,0.595324238
73.29709656,1919.704245,65.81153622,1.979186543,419.912199,43064.98374,-2072.325524,-15.90278766,-198.4649856,0.599859997
73.77143863,1959.527826,59.99316175,1.919579366,419.784353,43689.18618,-2051.276559,-15.12528309,-195.2764493,0.295138924
73.32549761,1954.285815,76.35051449,1.918763304,419.991589,43567.86928,-2108.384606,-15.60180622,-195.2459613,0.297540824
73.29754951,1919.94744,71.97582244,1.999698214,419.8940976,42892.68126,-2265.118409,-15.90024167,-196.2525565,0.599829133
73.78624198,1944.769219,59.90148507,1.978087263,389.859375,43386.47158,-2052.571616,-14.77047131,-194.5528186,1.251545701
73.28980095,1953.436719,65.79948103,1.978917978,389.7466929,43533.05175,-2006.878226,-15.60220684,-195.283322,0.597655671
73.30226921,1948.855192,71.99445879,1.979506644,389.8805666,43277.177,-2256.265372,-15.30217031,-192.3920444,0.5987951
73.26815258,1945.53067,65.76124101,1.999749377,389.1486615,43405.3304,-2118.842371,-15.90035849,-195.4556055,0.892408999
73.45219871,1889.924047,59.90256767,1.979347224,449.981707,42604.42126,-2060.945475,-15.90099239,-201.1815075,0.598871197
73.2537045,1954.353559,67.17163238,1.979759469,404.5292677,43127.73793,-2550.442333,-15.15255427,-189.2498459,1.148582217
73.26962592,1956.553314,75.51899306,1.979955308,409.1983203,43214.0068,-2550.079694,-15.37535681,-189.5736864,0.58901574
73.51191755,1885.435755,59.9772607,1.99987439,449.9838249,42269.06667,-2414.174836,-15.61094935,-197.0181021,0.78851607
73.27316438,1919.377702,79.84291937,1.999642839,419.9870313,42790.67809,-2408.818601,-15.9025803,-194.3950246,0.598622241
73.28253312,1885.829919,79.47203121,1.999105623,469.5051623,42281.12875,-2400.105899,-16.20469114,-198.1110286,0.879200592
73.31744082,1947.000988,71.8040971,1.999746704,389.9483786,43519.67558,-2018.547882,-16.21399705,-196.5374076,0.840125529
73.29586905,1892.093551,77.88309045,1.919505923,449.9636503,42551.01534,-2116.11202,-15.90106643,-199.9015868,0.599118793
73.2736376,1948.381772,76.7173138,1.949471023,389.9076248,43327.7764,-2134.805821,-15.30143658,-193.7358742,0.599262873
73.79672654,1954.030566,59.94191557,1.886718894,419.9455819,43541.86704,-2055.043402,-14.70242671,-194.8273689,0.295408468
73.91647811,1951.847727,59.65857143,1.879440873,419.9255152,43537.15502,-2012.619835,-14.57265731,-195.2227499,0.299824807
73.72421412,1919.51168,59.96148935,1.918586819,449.9623055,42960.89895,-2116.267722,-15.00844287,-197.0557887,0.299739679
73.34240007,1887.532132,59.99990968,1.888795584,464.9185511,42482.60313,-2011.839476,-15.38010492,-201.0120225,0.878947692
73.30227868,2000.083499,65.82127994,1.997385797,389.5181843,43992.47946,-2400.775889,-15.14909453,-187.815949,0.291061715
73.32672936,1945.435219,79.31077179,1.979027356,389.7513118,43513.80303,-2005.165551,-16.20922049,-196.0391916,1.126857629
73.29027276,1953.507209,65.11787977,1.859763225,419.9347974,43417.84706,-2106.266957,-14.71024762,-193.6134913,0.299663257
73.32571113,1919.286336,75.99503849,1.999745906,419.9804553,42783.91937,-2405.24793,-15.68871684,-195.0192425,0.598863873
73.28461375,1952.097068,64.74631657,1.919278216,389.6601817,43443.26446,-2006.078188,-15.01047778,-194.2884367,0.595896144
73.48695488,1885.447376,77.95003807,1.829767274,460.3255625,42384.13962,-2033.350025,-15.30172388,-199.806466,1.127982127
73.34958036,1888.865393,59.98053168,1.916433868,449.87636,42543.62008,-2008.619663,-15.63343451,-201.2842827,0.855907309
73.29589433,1941.759367,71.79099683,1.948809326,389.9931915,43198.46721,-2153.330176,-15.3159466,-193.9199339,0.871267954
73.28890923,1953.191597,78.47133327,1.948834008,389.8527426,43646.90736,-2001.138971,-15.90795598,-196.0024336,1.023698283
73.29005469,1987.710679,71.86976895,1.949254744,387.0652001,44050.65815,-2035.512868,-15.30520143,-192.2805353,0.298929742
73.3228262,1956.057615,77.88130246,1.979272572,389.9431121,43613.25794,-2047.705531,-15.90258189,-195.5557754,0.593956668
73.30116768,1919.514486,63.51585004,1.886833216,419.9764721,42984.62863,-2014.5288,-15.10137235,-198.0360879,0.599266724
73.27134926,1948.825547,65.89888361,1.97939783,419.8851337,43273.10236,-2336.042582,-15.30077108,-192.6765311,0.299977224
73.29122089,1968.841682,76.03957942,1.829578166,419.8324907,43732.631,-2032.156,-14.70577945,-192.6370824,0.297647579
73.28897234,1915.936563,77.72462699,1.918652323,419.8659551,42908.96669,-2048.479116,-15.90484499,-198.0765592,0.730823459
73.31438519,1919.444062,77.93718869,1.859395681,449.9976584,42850.5111,-2132.566263,-15.00186413,-195.950081,0.299064212
73.28447403,1949.119562,65.86740182,1.979936559,389.9568037,43260.32197,-2277.671803,-15.20565751,-192.4321211,0.59969745
73.28269311,1948.68068,64.16884049,1.919455741,419.9330935,43198.06821,-2250.01738,-14.72760001,-192.2061458,0.299952719
73.48834842,1892.96924,59.97790289,1.919366349,454.3489048,42441.33263,-2257.361661,-15.10313567,-198.1216945,0.599789296
73.31203875,1888.887025,71.831521,1.979801875,449.9832735,42570.91585,-2046.140036,-16.50330151,-201.6628028,0.744090078
73.33731126,1889.334942,77.98519426,1.859155279,449.9966707,42439.67302,-2092.026525,-15.3057283,-199.1326879,0.597719497
73.34619406,1947.655259,76.97017383,1.979049695,389.8156319,43466.61718,-2101.041395,-15.6034513,-195.0073017,0.598097898
73.2627665,1972.67492,71.97288963,1.949348746,389.9310865,43771.67367,-2117.085501,-15.30098894,-192.3193762,0.587296092
73.29489162,1919.906511,65.76065028,1.829607295,449.8641096,42927.9301,-2061.960989,-14.70056897,-196.6776463,0.299460809
73.302744,1930.168489,77.18349166,1.998945014,449.4445401,43027.97008,-2404.262342,-15.97663121,-195.1115513,0.29896955
73.6465997,1916.022924,59.98917901,1.949912973,419.7798558,42807.33913,-2263.862924,-15.04543131,-194.9874323,1.392059356
73.45984495,1935.028232,59.90998986,1.947592699,448.5891214,43365.49528,-2005.955054,-15.82801593,-199.131996,0.297586938
73.45284321,1939.192946,59.86373736,1.977516699,447.9403703,43463.04759,-2010.318736,-16.21409091,-199.2373375,0.289095667
73.33941312,1884.630499,71.98989673,1.859686897,463.9196174,42303.43886,-2116.146858,-15.30202282,-198.8976523,0.882595609
73.76640412,1919.353606,59.72065075,1.996824393,449.8799259,43033.31782,-2119.780569,-15.6000317,-198.1829299,0.299810454
73.2941708,1949.378539,65.65109502,1.919994983,419.9894056,43436.42776,-2072.093062,-15.05039806,-195.0020096,0.299782731
73.84647563,1945.047741,59.98178621,1.977050433,389.9242961,43395.81623,-2023.006138,-15.17736171,-195.1060937,0.885416822
73.46111026,1886.914438,59.81554619,1.859574218,449.9417536,42525.71583,-2005.567083,-15.14049889,-201.0028479,0.829758216
73.30269355,1985.440408,76.89616381,1.979908727,389.984132,43852.86988,-2259.045155,-15.30734297,-190.1029729,0.299424617
73.28751311,1979.613094,65.48739311,1.948283939,389.9423671,43855.17334,-2039.84741,-15.00073835,-192.4598714,0.298891887
73.26927729,1979.598965,75.90611905,1.918842733,389.934616,43910.98696,-2001.524839,-15.06984124,-192.59562,0.299536786
73.49073276,1889.496822,59.98184083,1.889493364,449.81859,42434.14441,-2153.24056,-15.0002622,-198.6243635,0.599850874
73.3492284,1888.343838,79.92363587,1.919011042,451.3064195,42581.73337,-2026.207152,-16.21008134,-201.4962796,0.752519261
73.34946368,1887.643364,79.28011598,1.889650493,452.4450489,42556.69406,-2012.222622,-15.90536167,-201.1870709,0.763583626
73.34979045,1889.877421,79.75357025,1.888152037,449.4446494,42538.25716,-2023.10686,-15.90096555,-200.624577,0.857894313
73.28386854,1885.826316,77.9881951,1.979827521,449.9384489,42361.63314,-2251.904039,-16.20035421,-199.2037283,0.818308177
73.29789437,1919.881417,71.93845915,1.889436371,419.9381342,42985.88546,-2060.842385,-15.30533622,-197.1852648,0.59885922
73.69563551,1919.964936,59.96950198,1.919048021,419.9882853,42944.53967,-2088.257827,-15.00007223,-196.6623805,0.59910507
73.32022022,1957.322157,77.17773133,1.888786403,419.8228451,43534.16994,-2103.735425,-15.30560287,-194.1730382,0.297962275
73.3033792,1943.027762,64.26679792,1.918241724,389.9990687,43287.34659,-2005.498567,-15.02727154,-195.0063917,0.849918365
73.31549659,1894.365412,60.990422,1.888089981,448.6023747,42707.7113,-2005.238904,-15.30385902,-201.0025027,0.595900486
73.28421575,1919.505391,75.0211388,1.999658598,449.8275497,43063.11723,-2130.440613,-16.20348606,-198.7930587,0.29732179
73.3262553,1889.878641,76.85915715,1.979088176,449.998743,42570.20506,-2111.203932,-16.22974796,-201.091505,0.599526638
73.29950584,1885.210018,65.89054745,1.829902691,449.9904558,42362.10447,-2038.431306,-15.00151689,-199.5195072,0.895040328
73.33849812,1892.903823,71.54873124,1.979820452,449.9834783,42682.85105,-2032.601819,-16.50066398,-202.1083677,0.599787781
73.61008063,1924.802956,59.99527036,1.828587608,448.2630851,43045.99793,-2016.895164,-14.55280895,-197.0797941,0.29867342
73.27625374,1955.942313,65.85271324,1.999645181,389.9432891,43286.8266,-2406.646813,-15.26776899,-190.6698482,0.597778764
73.27560534,1980.751107,79.87691904,1.997345583,410.837847,44183.20432,-2000.969762,-16.82675676,-196.4447324,0.284151424
73.28533371,1887.106831,65.8263857,1.979895581,449.9999109,42482.3926,-2130.444239,-16.20000509,-201.0002044,0.827239212
73.34590369,1887.414649,59.99325451,1.857749841,470.454737,42482.03306,-2007.423419,-15.09749113,-201.0106292,0.882183691
73.31096749,1924.737053,71.80432734,1.977780637,419.8953673,43088.66001,-2101.411416,-16.20224841,-198.216933,0.598813008
73.34058313,1897.343211,79.69693379,1.919602396,449.1440374,42720.46338,-2018.353365,-16.20008556,-201.081114,0.793812859
73.28378949,1919.789273,65.97917274,1.979811393,449.9966826,42850.24999,-2273.48804,-15.60131284,-196.24033,0.299993568
73.32161337,1921.176039,65.6710638,1.85755572,419.8768011,43006.9308,-2037.555657,-15.00177704,-196.9285117,0.59986406
73.59319623,1919.166059,59.99262861,1.949517464,449.6915618,43032.94456,-2101.507941,-15.30008552,-198.0275044,0.299656816
73.33302162,1955.208083,76.96213433,1.998963588,389.5627822,43559.63554,-2100.882764,-15.92095994,-195.0127788,0.598491593
73.30864586,1949.966939,69.81219574,1.859763132,419.9810705,43391.90414,-2115.25174,-14.75823772,-193.7639801,0.299767565
73.33882292,1919.575948,76.35144261,1.919271024,419.9747629,43003.52226,-2019.524651,-15.61710017,-198.1668072,0.599507197
73.33176057,1923.672691,71.81703268,1.799365036,449.9444886,42953.92767,-2012.810908,-14.70596502,-196.5208773,0.296575834
73.29336059,1955.743273,66.79885579,1.999838891,389.9046649,43312.24333,-2405.387649,-15.30557961,-190.9378368,0.598779625
73.27378666,1884.410104,75.99963265,1.97987153,474.9341299,42242.95283,-2414.002893,-15.90352336,-198.0003536,0.897081267
73.26968043,1949.143739,71.53318786,1.979330554,419.9650164,43442.22489,-2169.885927,-15.60896274,-195.0892248,0.299860146
73.33840753,1918.925564,75.33557827,1.889785389,419.9894539,43000.51931,-2012.669554,-15.30662487,-198.056175,0.59975942
73.32390505,1982.663587,77.64683109,1.949981775,389.9433274,43885.39119,-2116.720572,-15.30392286,-191.5950959,0.298854555
73.48825504,1889.199321,59.99833041,1.979996117,449.9424667,42449.07601,-2262.420467,-15.60078651,-198.6659279,0.599969398
73.34563252,1949.811205,65.016664,1.878034631,419.7801296,43469.96679,-2017.784111,-14.74786879,-195.0682401,0.299579507
73.30847909,1941.212188,77.27679261,1.9992391,389.9621752,43116.38625,-2409.205555,-15.61064826,-192.1094776,0.879447674
73.29290542,1894.097676,71.65133502,1.999524912,449.9821974,42654.1474,-2100.894562,-16.50673524,-201.0045082,0.599926166
73.31800651,1957.459743,76.80536252,1.889878236,419.4938098,43412.68859,-2250.198559,-15.05093307,-192.1112069,0.291485735
73.50376288,1949.66106,79.31655289,1.97989163,419.9960454,43560.12835,-2103.181507,-15.90691804,-196.1081295,0.299686866
73.30560266,1886.733887,79.75446243,1.859801777,465.7920633,42497.32469,-2014.521791,-15.60826721,-201.0500797,0.897803613
73.47062658,1889.885548,59.94675269,1.829650221,449.9084876,42483.88364,-2025.712021,-14.71912997,-199.7069028,0.599979767
73.34448047,1932.750716,71.11329451,1.978547602,449.9841803,43363.02418,-2002.128736,-16.52757966,-200.1076386,0.299486385
73.62065121,1916.910766,59.96909704,1.886835081,419.8108128,42936.95872,-2010.236109,-15.08480447,-198.0470892,0.847085558
73.25952507,1976.404294,66.87999205,1.979741787,418.5383495,43519.11254,-2550.443285,-15.1544345,-188.1178761,0.273429002
73.27853733,1945.278586,71.78244068,1.979941479,389.9980878,43432.75383,-2104.595114,-15.90343527,-195.2492951,1.186193165
73.28998998,1979.765565,69.00175287,1.998884306,387.9734512,44005.51245,-2100.628576,-15.90325029,-194.0836062,0.566928432
73.34080152,1890.042694,74.64773573,1.999911057,497.3622178,42797.58239,-2001.011157,-15.40703101,-204.0119497,1.384680624
73.45794293,1889.628257,77.48301719,1.999992543,476.8828399,42818.19665,-2000.018859,-16.71554614,-204.0669388,1.571092869
73.89394284,1974.474451,79.95437591,1.999981944,359.9755139,44016.80907,-2000.218589,-15.64834462,-192.3179758,1.810252145
73.88780783,2030.711622,79.99989682,1.999999999,359.9710237,44957.73203,-2000.067952,-15.60756661,-190.2126053,0.801313975
73.79008583,1889.851981,79.73007182,1.998174404,472.5842906,42804.67182,-2000.004994,-16.81976938,-204.0215641,1.570928261
73.88603151,1972.176346,79.98987406,1.999998217,359.9813239,44016.48408,-2001.972082,-15.31693204,-193.4503864,1.717525562
73.59488392,2021.636406,79.99989681,1.999996993,389.6758608,44902.20172,-2000.009344,-16.20996314,-192.4048364,0.202638231
73.81783477,1889.818834,71.01156007,1.999941603,479.6511767,42817.43718,-2000.00192,-16.27857839,-204.0048188,1.793803024
73.89138475,1978.651916,79.98093361,1.999980397,359.9422379,44018.20503,-2000.009289,-15.31340946,-190.537476,1.335907313
73.88804782,1982.624991,79.99999452,1.999980551,359.9505247,44080.57884,-2001.235405,-15.32462327,-191.8886642,0.72430548
73.88799894,2017.873387,79.99999949,1.999980756,359.9523037,44823.42592,-2001.254105,-15.55871682,-191.4269748,0.351906425
73.34618877,1886.475021,79.75825901,1.999843919,474.3926326,42389.95805,-2255.055545,-16.51654926,-199.1954193,0.989570259
73.28833581,1919.91823,65.88257012,1.949912027,419.994156,42793.10211,-2302.572678,-15.30020605,-195.0007245,0.599951015
73.27381053,1881.959291,65.97253492,1.979993276,449.9999543,41987.70115,-2452.2799,-15.16824148,-193.5148029,0.897717107
73.28194368,1889.781698,77.86985091,1.99996601,449.9756772,42252.16404,-2472.070258,-15.90241897,-195.8187528,0.598262691
73.27921697,1881.749097,69.62162609,1.97998318,449.9999898,41990.77574,-2457.306261,-15.30015388,-193.8873924,0.899153227
73.26881012,1888.518263,71.11838679,1.999930769,449.950985,42172.19116,-2570.549004,-15.60019561,-195.0042442,0.599993508
73.28157127,1913.717166,71.97703889,1.949954367,419.9811208,42693.94378,-2286.321422,-15.60001146,-195.1489786,0.795799491
73.28823041,1884.261062,65.99551707,1.889968548,449.9995319,42307.23819,-2159.509073,-15.30009718,-198.7699662,0.824945094
73.2799716,1919.936428,71.94854139,1.999879869,419.9450191,42704.35934,-2501.679471,-15.60217334,-193.0625947,0.599107775
73.27622911,1885.813007,65.83751474,1.979921659,449.9964115,42310.87781,-2270.561857,-15.90130909,-198.5943403,0.895263218
73.28639931,1882.054975,62.94346473,1.999991143,449.999999,41996.10844,-2550.425522,-15.33960604,-194.6922485,0.898422089
73.2765807,1881.641409,71.99615332,1.999953091,458.1971032,41950.27835,-2559.579853,-15.60002885,-194.0538114,0.899460256
73.27707805,1889.822391,71.98951344,1.949999814,449.9977346,42347.706,-2291.879405,-15.60000046,-198.0000901,0.59999954
73.30699918,1919.048831,76.50603612,1.859372718,419.9889917,42882.9208,-2132.231588,-15.01619587,-195.552738,0.599812258
73.55411397,1915.819794,59.96505796,1.916219111,419.9457948,42903.68093,-2102.694849,-15.30012201,-197.3480458,0.736686016
73.26342884,1882.405781,79.9081338,1.999917074,449.9965005,42096.23041,-2550.938635,-15.90173609,-195.5794323,0.830099095
73.26836563,1918.287706,77.9455696,1.999700629,419.9835649,42624.27734,-2565.140833,-15.60016158,-192.3214612,0.598708973
73.30845761,1944.193199,71.97046581,1.979070806,389.9445996,43199.54511,-2255.460499,-15.60187562,-193.1404717,1.189461032
73.2871805,1913.225489,71.44629878,1.859985576,419.9381926,42726.81649,-2118.10671,-15.00210427,-196.0620648,0.898105694
73.27346758,1889.216871,64.5129114,1.999973217,449.9972991,42166.01484,-2562.48323,-15.42129857,-195.0091342,0.599984499
73.28223508,1881.708716,71.98392018,1.949961563,462.448625,41962.6209,-2405.042828,-15.30087493,-194.2380246,1.197603866
73.2791538,1881.748765,65.15770827,1.949961279,461.7910951,41937.97468,-2401.916741,-15.0759166,-193.8973056,1.19526608
73.31609517,1881.930066,79.97136772,1.919961573,471.0888303,41980.11634,-2207.063917,-15.30002314,-194.2397473,1.193292801
73.29940512,1884.646699,77.98453963,1.949977933,449.9998264,42280.19512,-2268.498167,-15.90102186,-198.0975595,0.819994686
73.29000306,1919.735364,72.78407644,1.889992121,449.9826186,42784.98497,-2250.000846,-15.04314852,-195.0997857,0.299992772
73.27026396,1883.525247,77.92817514,1.979945639,449.9989818,42178.83046,-2417.418429,-15.9015927,-197.0857187,0.817218839
73.29976742,1886.560333,71.97547111,1.889114952,449.9818776,42468.79185,-2025.533102,-15.62786881,-201.0033913,0.801293607
73.2796036,1889.788443,65.97757203,1.919997154,449.9973275,42365.58996,-2259.366781,-15.3001668,-198.0169693,0.599986094
73.29027558,1949.555664,71.93529829,1.949824528,419.9640838,43331.31245,-2262.236038,-15.30094075,-193.2547403,0.299963993
73.30504882,1881.598066,79.81664517,1.919800237,470.4966478,41974.33719,-2271.704072,-15.30338574,-194.284029,1.497499282
73.29489801,1889.698951,71.98976337,1.979956536,449.9996988,42408.24142,-2308.154524,-15.90008615,-198.0714533,0.599828542
73.27001998,1919.741909,64.20972122,1.949962231,419.9896094,42662.29809,-2400.107341,-15.01059069,-192.3619562,0.599999979
73.30306183,1890.757445,77.94417173,1.88988838,449.9405811,42343.04494,-2256.067088,-15.30349466,-196.8867304,0.599830501
73.29810028,1949.832621,77.62221115,1.979204122,419.6290207,43322.01538,-2333.061327,-15.60457591,-192.9711884,0.29627771
73.2940258,1912.736997,64.46012806,1.888143245,419.9967883,42644.67999,-2258.561087,-14.91725192,-195.0084028,0.819853779
73.29848063,1881.562497,65.98214071,1.979962158,461.2429752,41919.34151,-2450.259771,-15.30028817,-193.6177344,0.894706208
73.29237786,1921.260701,71.83749753,1.889863007,419.9495077,42835.69943,-2254.562354,-15.08449976,-195.0171968,0.59712862
73.28140016,1919.092827,71.94968027,1.91959377,419.9983491,42839.93262,-2260.858214,-15.30012132,-195.097708,0.59991694
73.28508204,1915.204646,71.74326586,1.97953223,419.9219185,42758.01939,-2271.2337,-15.90149007,-196.0977366,0.803728568
73.28779699,1889.66699,77.51948132,1.949895027,449.9993217,42269.93266,-2408.181995,-15.60045439,-196.2365313,0.599828329
73.26818206,1884.050287,71.9274666,1.999922151,449.9998611,42187.50339,-2436.348386,-15.90039585,-197.1852398,0.789876642
73.27230914,1922.277059,71.94128157,1.949419953,419.9584421,42886.96925,-2273.169723,-15.60185337,-195.7445036,0.599039643
73.30839494,1889.658999,71.35855336,1.889578202,449.9978016,42393.92993,-2176.631064,-15.30215525,-198.3237286,0.599516154
73.48498447,1917.227641,59.95179517,1.947520436,419.8790239,42957.68615,-2057.073178,-15.63643301,-198.0920062,0.761890983
73.27710742,1919.587318,71.93692412,1.919976827,449.9881067,42843.81208,-2256.083557,-15.30092352,-195.6239626,0.299974992
73.28359519,1882.056292,65.88535607,1.919999667,460.2601737,41979.92885,-2283.364214,-15.00821164,-194.4724277,0.896739788
73.29423839,1889.617748,65.95746587,1.979997922,449.9519002,42302.34102,-2409.423485,-15.60323994,-196.7107132,0.599964962
73.28562127,1883.314079,65.6107247,1.889742975,449.9974819,42225.49524,-2251.272787,-15.10830624,-198.0051295,0.846040754
73.28668909,1881.543123,77.95245117,1.999986975,449.9999401,41979.07851,-2527.094763,-15.60011159,-193.6821525,0.89940062
73.27611653,1917.683402,77.4665685,1.999986615,449.8803195,42604.37093,-2565.589928,-15.60090934,-192.7356396,0.299983757
73.27217743,1890.435955,71.99248137,1.999544812,449.7301831,42340.17079,-2415.761515,-15.90295293,-196.951918,0.599298754
73.28876621,1919.349361,77.97656554,1.949940939,419.9519979,42804.35283,-2276.275509,-15.60010405,-195.0470945,0.599934345
73.30046824,1919.733292,65.94426523,1.889441968,419.8957118,42844.69024,-2203.036955,-15.00007482,-195.5403678,0.599916663
73.27275004,1889.302319,65.8614829,1.949978267,449.9363357,42249.40985,-2419.560394,-15.30050198,-195.9631112,0.599907237
73.2688009,1919.53705,71.57695505,1.949838553,419.8988348,42703.56131,-2412.976249,-15.30001159,-193.2722363,0.599872412
73.26292169,1912.72483,71.97735306,1.979993057,419.9990667,42585.84539,-2445.019474,-15.60010066,-193.7012789,0.752133537
73.26936039,1918.98902,71.92351973,1.949474687,449.983116,42710.79899,-2405.254841,-15.3013594,-194.0657199,0.299673432
73.30618113,1913.904985,65.97759421,1.999860401,419.9986842,42658.38906,-2402.014879,-15.69347907,-195.0009459,0.805648606
73.28748207,1919.680855,65.92227004,1.94947792,449.9919654,42784.09128,-2310.499384,-15.30053357,-195.1472748,0.299996512
73.27152894,1952.851872,65.83840898,1.919986593,419.9864587,43289.14108,-2283.774292,-15.00837331,-192.1840306,0.299928205
73.28743355,1892.390077,65.99652737,1.949994535,449.9466539,42412.65909,-2269.102181,-15.60062253,-198.3025099,0.599938146
73.26594166,1913.888869,76.00623869,1.999999529,419.9999939,42665.1507,-2401.967673,-15.90005261,-195.0000222,0.776600032
73.26591102,1920.487372,71.5440089,1.979949864,449.9382103,42777.0676,-2404.231399,-15.60037916,-194.7223988,0.299388498
73.27930155,1883.949988,77.97633304,1.919979181,449.9934075,42231.77908,-2279.20041,-15.60000442,-198.0142558,0.781787895
73.27631879,1919.35118,77.97719198,1.979936902,419.9976856,42898.63366,-2278.49969,-15.90011675,-195.7411156,0.59979141
73.28527627,1890.881225,65.35973293,1.889986332,449.9953083,42331.91462,-2251.103389,-15.01066588,-196.9467886,0.599904389
73.32659461,1913.800147,71.81416182,1.889996808,419.9998712,42772.85098,-2153.429461,-15.30016966,-196.3590486,0.78186279
73.28386454,1883.639578,75.51935261,1.889986837,449.9999994,42223.01901,-2253.092374,-15.30003697,-198.0000388,0.870401102
73.31625948,1891.031337,77.98961953,1.91997143,449.9948058,42394.20746,-2262.152653,-15.60013306,-198.0001533,0.599995508
73.29131076,1927.608473,71.87289111,1.979462112,419.5163339,43019.32744,-2251.215852,-15.90852615,-196.0192734,0.586640378
73.292484,1881.70516,71.99931241,1.949944947,461.0412077,41965.54059,-2350.429993,-15.30143624,-194.292612,0.889234672
73.31684105,1916.335783,64.25317097,1.889812081,419.9453553,42897.68688,-2014.669127,-15.35819274,-198.0003647,0.790297538
73.28575464,1921.205543,71.87143118,1.979951663,419.9772514,42774.53528,-2411.600874,-15.60027184,-194.1866507,0.59977297
73.28914088,1949.258061,71.91548306,1.919417057,419.9596279,43241.92082,-2285.910699,-15.00127245,-192.3065094,0.299323532
73.28177857,1919.844847,65.88666121,1.999958174,449.9268326,42802.23724,-2402.857205,-15.60413863,-195.1682177,0.299927689
73.28837906,1884.614271,65.97730139,1.949988131,449.9576299,42251.47932,-2278.903956,-15.6002035,-198.0269092,0.72122733
73.28223069,1919.890727,77.99644855,1.949763738,449.9929294,42810.9892,-2305.660126,-15.60165365,-195.3842487,0.299949457
73.29315295,1882.492431,77.99818486,1.999999614,473.166161,42055.22491,-2551.92535,-15.90000576,-195.3564243,0.872093278
73.28104694,1923.540498,65.61792035,1.99873875,449.8949766,42966.11314,-2269.460325,-15.90766943,-196.7046661,0.299463995
73.27924827,1953.59735,77.44215681,1.91999811,419.9887257,43337.49459,-2252.13119,-15.30066682,-192.6611471,0.298806853
73.29179577,1881.502352,77.97461064,1.979980125,458.2306087,41941.49924,-2425.640911,-15.60011121,-193.8476234,0.868348677
73.27029298,1917.750191,77.8638681,1.979936253,449.975133,42672.96978,-2472.191887,-15.60051645,-193.8410661,0.299892175
73.27707754,1919.707015,77.44828374,1.979724934,449.9663312,42878.84463,-2289.853869,-15.90317259,-196.2435922,0.299719759
